frame,x,y,score
0,430.0,854.0,0.1094
0,476.0,556.0,0.1412
0,490.0,542.0,0.1143
1,428.0,852.0,0.172
1,448.0,382.0,0.1177
1,476.0,556.0,0.0797
1,488.0,542.0,0.0673
2,430.0,850.0,0.089
2,448.0,384.0,0.0542
2,476.0,556.0,0.1134
2,488.0,544.0,0.0986
2,490.0,560.0,0.0387
5,692.0,416.0,0.1901
6,426.0,830.0,0.0426
6,430.0,848.0,0.0462
6,448.0,390.0,0.038
6,474.0,566.0,0.0835
6,488.0,546.0,0.0639
6,690.0,416.0,0.1201
7,428.0,832.0,0.0466
7,432.0,850.0,0.0437
7,442.0,860.0,0.066
7,476.0,562.0,0.1076
7,488.0,548.0,0.0811
7,688.0,418.0,0.0473
10,476.0,564.0,0.2049
10,686.0,422.0,0.0711
11,430.0,832.0,0.0424
11,434.0,848.0,0.0651
11,450.0,398.0,0.0741
11,476.0,566.0,0.1354
11,490.0,548.0,0.042
11,686.0,426.0,0.068
12,434.0,846.0,0.0712
12,450.0,398.0,0.0612
12,476.0,564.0,0.1894
12,684.0,426.0,0.16
14,430.0,832.0,0.0422
14,434.0,846.0,0.0793
14,476.0,568.0,0.1228
14,488.0,554.0,0.0589
18,432.0,840.0,0.1167
18,474.0,570.0,0.0522
18,488.0,556.0,0.0519
19,432.0,840.0,0.1522
19,474.0,570.0,0.0619
19,488.0,556.0,0.0769
20,434.0,838.0,0.1514
20,474.0,570.0,0.0557
20,488.0,556.0,0.0621
21,434.0,836.0,0.1002
21,474.0,572.0,0.0876
21,488.0,556.0,0.0633
21,972.0,112.0,0.0412
22,434.0,836.0,0.104
22,474.0,570.0,0.1379
22,488.0,556.0,0.0565
22,674.0,436.0,0.0503
22,970.0,112.0,0.0479
23,434.0,834.0,0.1254
23,474.0,570.0,0.1317
23,488.0,556.0,0.0781
23,672.0,438.0,0.1207
23,966.0,112.0,0.0429
24,436.0,836.0,0.105
24,450.0,414.0,0.0377
24,474.0,572.0,0.1013
24,488.0,556.0,0.0406
24,670.0,438.0,0.0776
24,990.0,110.0,0.038
25,434.0,834.0,0.1054
25,474.0,572.0,0.096
25,488.0,558.0,0.0359
25,958.0,114.0,0.0341
26,434.0,834.0,0.0856
26,474.0,572.0,0.1637
27,434.0,834.0,0.079
27,474.0,572.0,0.1047
27,488.0,560.0,0.0532
27,670.0,444.0,0.0523
27,980.0,386.0,0.036
37,436.0,826.0,0.0372
37,474.0,574.0,0.1098
37,486.0,562.0,0.042
37,660.0,452.0,0.0359
37,978.0,150.0,0.0658
37,986.0,174.0,0.0591
37,1008.0,162.0,0.0338
40,434.0,910.0,0.0707
40,436.0,822.0,0.1231
40,474.0,574.0,0.0723
40,922.0,108.0,0.0598
40,986.0,150.0,0.0538
840,504.0,140.0,0.4034
841,504.0,140.0,0.3627
842,268.0,832.0,0.1787
842,512.0,142.0,0.4612
843,270.0,832.0,0.2344
843,512.0,142.0,0.5263
844,516.0,144.0,0.5029
845,518.0,146.0,0.5497
846,520.0,146.0,0.5862
847,522.0,146.0,0.5735
848,280.0,834.0,0.1952
848,526.0,148.0,0.5721
849,282.0,834.0,0.1965
849,528.0,148.0,0.5421
850,284.0,836.0,0.1932
850,530.0,150.0,0.5442
851,286.0,836.0,0.174
851,534.0,150.0,0.5609
852,290.0,842.0,0.303
852,536.0,150.0,0.5392
853,538.0,152.0,0.5578
854,292.0,842.0,0.1859
854,540.0,152.0,0.5315
855,294.0,842.0,0.1838
855,542.0,154.0,0.5882
856,298.0,844.0,0.1745
856,546.0,156.0,0.5574
857,548.0,156.0,0.56
858,550.0,156.0,0.5541
859,304.0,846.0,0.1638
859,554.0,160.0,0.5387
860,306.0,846.0,0.2123
860,556.0,160.0,0.5579
861,558.0,160.0,0.5855
862,312.0,846.0,0.2074
862,562.0,162.0,0.5611
863,564.0,162.0,0.5652
864,568.0,164.0,0.5403
865,568.0,166.0,0.551
866,318.0,848.0,0.1969
866,570.0,166.0,0.5203
867,572.0,168.0,0.527
868,576.0,168.0,0.5417
869,580.0,170.0,0.5503
870,328.0,852.0,0.2316
870,582.0,170.0,0.527
871,584.0,172.0,0.5199
872,586.0,172.0,0.5137
873,588.0,174.0,0.5433
874,592.0,174.0,0.3402
875,596.0,176.0,0.5104
876,598.0,176.0,0.4636
877,600.0,178.0,0.4979
878,602.0,178.0,0.5156
879,352.0,864.0,0.1886
879,606.0,180.0,0.4758
880,354.0,864.0,0.2066
880,610.0,182.0,0.5084
881,354.0,864.0,0.1861
881,612.0,182.0,0.5068
882,356.0,864.0,0.2105
882,616.0,184.0,0.4932
883,360.0,864.0,0.1794
883,622.0,186.0,0.5171
884,628.0,188.0,0.5182
885,364.0,866.0,0.236
885,630.0,188.0,0.5409
886,632.0,188.0,0.5149
887,634.0,190.0,0.5227
888,636.0,190.0,0.4808
889,374.0,872.0,0.2205
889,640.0,192.0,0.4901
890,644.0,192.0,0.4659
891,646.0,192.0,0.5051
892,650.0,194.0,0.4962
893,650.0,196.0,0.4976
894,652.0,196.0,0.4851
895,656.0,196.0,0.4593
896,660.0,198.0,0.4615
897,664.0,200.0,0.5297
898,666.0,200.0,0.504
899,398.0,880.0,0.1815
899,668.0,202.0,0.5415
900,400.0,880.0,0.2
900,670.0,202.0,0.5526
901,672.0,202.0,0.5417
902,678.0,204.0,0.5546
903,680.0,204.0,0.5225
904,680.0,206.0,0.5075
905,682.0,206.0,0.4919
906,684.0,206.0,0.501
907,692.0,208.0,0.477
908,694.0,210.0,0.5003
909,696.0,210.0,0.4903
910,698.0,210.0,0.5183
911,698.0,212.0,0.5177
912,700.0,212.0,0.4468
913,432.0,890.0,0.1786
913,702.0,214.0,0.2949
913,706.0,214.0,0.2704
914,708.0,214.0,0.2635
915,710.0,216.0,0.304
916,712.0,216.0,0.3374
917,714.0,218.0,0.3147
918,718.0,218.0,0.5112
919,720.0,218.0,0.472
920,722.0,220.0,0.5378
921,726.0,220.0,0.5176
922,726.0,222.0,0.5056
923,728.0,222.0,0.4971
924,728.0,222.0,0.4921
925,730.0,224.0,0.4993
926,456.0,896.0,0.1741
926,734.0,224.0,0.4922
927,738.0,226.0,0.4587
928,740.0,226.0,0.4929
929,740.0,226.0,0.4518
930,742.0,228.0,0.4835
931,744.0,230.0,0.5105
932,746.0,230.0,0.5157
933,750.0,232.0,0.4952
934,752.0,232.0,0.5076
935,754.0,232.0,0.5352
936,756.0,234.0,0.541
937,758.0,234.0,0.5391
938,760.0,234.0,0.5128
939,762.0,236.0,0.5211
940,764.0,236.0,0.5037
941,766.0,236.0,0.4698
942,768.0,238.0,0.4567
943,772.0,238.0,0.4578
944,774.0,238.0,0.4503
945,776.0,240.0,0.4732
946,778.0,240.0,0.4733
947,778.0,242.0,0.4945
948,780.0,242.0,0.4659
949,784.0,244.0,0.3907
950,784.0,246.0,0.4627
951,788.0,246.0,0.5025
952,790.0,248.0,0.5358
953,794.0,248.0,0.5152
954,796.0,250.0,0.5434
955,798.0,250.0,0.5024
956,800.0,252.0,0.5176
957,802.0,252.0,0.5175
958,804.0,252.0,0.4876
959,806.0,254.0,0.4756
960,808.0,254.0,0.4882
961,810.0,254.0,0.5065
962,814.0,256.0,0.5159
963,816.0,256.0,0.4791
964,818.0,258.0,0.4741
965,818.0,260.0,0.472
966,820.0,260.0,0.4926
967,822.0,262.0,0.5232
968,824.0,262.0,0.5464
969,826.0,264.0,0.5392
970,828.0,264.0,0.4721
971,832.0,264.0,0.4896
972,836.0,266.0,0.537
973,838.0,266.0,0.4866
974,838.0,268.0,0.526
975,840.0,268.0,0.5075
976,840.0,268.0,0.4751
977,842.0,270.0,0.4388
978,844.0,270.0,0.3523
979,848.0,270.0,0.374
980,850.0,272.0,0.4097
981,852.0,272.0,0.3384
982,854.0,274.0,0.3704
983,854.0,274.0,0.4509
984,856.0,276.0,0.5094
985,858.0,276.0,0.4071
986,864.0,278.0,0.4732
987,864.0,280.0,0.5419
988,866.0,280.0,0.5342
989,868.0,280.0,0.5445
990,870.0,282.0,0.5422
991,870.0,282.0,0.5266
992,872.0,284.0,0.5233
993,874.0,284.0,0.5415
994,876.0,284.0,0.4961
995,880.0,284.0,0.4747
996,880.0,286.0,0.4667
997,884.0,286.0,0.486
998,886.0,288.0,0.4746
999,888.0,288.0,0.4572
1000,888.0,290.0,0.4945
1001,888.0,290.0,0.5136
1002,892.0,292.0,0.5179
1003,896.0,292.0,0.5212
1004,898.0,294.0,0.4963
1005,900.0,296.0,0.5183
1006,900.0,296.0,0.5566
1007,902.0,296.0,0.5669
1008,904.0,296.0,0.529
1009,906.0,298.0,0.5313
1010,908.0,298.0,0.5239
1011,912.0,300.0,0.5152
1012,914.0,300.0,0.5288
1013,914.0,300.0,0.4858
1014,916.0,302.0,0.51
1015,918.0,302.0,0.4875
1016,918.0,302.0,0.4566
1017,922.0,302.0,0.4432
1018,922.0,304.0,0.4688
1019,926.0,304.0,0.4543
1020,928.0,306.0,0.47
1021,930.0,306.0,0.4896
1022,932.0,308.0,0.4876
1023,934.0,308.0,0.5285
1024,934.0,310.0,0.5114
1025,938.0,310.0,0.5168
1026,940.0,312.0,0.4949
1027,942.0,312.0,0.4835
1028,944.0,312.0,0.4921
1029,946.0,314.0,0.5161
1030,950.0,314.0,0.509
1031,950.0,316.0,0.5012
1032,952.0,316.0,0.4833
1033,952.0,316.0,0.4448
1034,954.0,316.0,0.2365
1035,954.0,316.0,0.2802
1036,960.0,318.0,0.4372
1037,962.0,320.0,0.4277
1038,964.0,320.0,0.4718
1039,964.0,322.0,0.4688
1040,966.0,322.0,0.4839
1550,980.0,772.0,0.4228
1551,978.0,772.0,0.369
1552,976.0,772.0,0.4202
1553,976.0,772.0,0.4445
1554,974.0,770.0,0.388
1555,972.0,770.0,0.4278
1556,970.0,768.0,0.4195
1557,970.0,768.0,0.2813
1558,966.0,768.0,0.3486
1559,964.0,766.0,0.3048
1560,964.0,766.0,0.3297
1561,964.0,764.0,0.4327
1562,962.0,764.0,0.4352
1563,960.0,764.0,0.4384
1564,958.0,764.0,0.3598
1565,956.0,762.0,0.4095
1566,956.0,762.0,0.4164
1567,954.0,762.0,0.4578
1568,954.0,760.0,0.4237
1569,952.0,760.0,0.4651
1570,950.0,760.0,0.3984
1571,948.0,760.0,0.4675
1572,946.0,758.0,0.4724
1573,944.0,758.0,0.468
1574,942.0,758.0,0.4764
1575,942.0,756.0,0.5134
1576,940.0,756.0,0.4762
1577,938.0,756.0,0.4402
1578,936.0,756.0,0.4175
1579,934.0,754.0,0.268
1580,934.0,754.0,0.2163
1581,932.0,752.0,0.3867
1582,930.0,752.0,0.463
1583,930.0,752.0,0.4199
1584,928.0,752.0,0.3845
1585,926.0,750.0,0.3886
1586,924.0,750.0,0.3299
1587,922.0,748.0,0.4217
1588,922.0,748.0,0.4061
1589,920.0,748.0,0.4279
1590,918.0,748.0,0.4431
1591,916.0,748.0,0.4523
1592,916.0,746.0,0.4207
1593,912.0,744.0,0.4759
1594,912.0,742.0,0.4434
1595,912.0,744.0,0.4577
1596,908.0,742.0,0.4894
1597,906.0,742.0,0.5277
1598,904.0,742.0,0.4852
1599,902.0,740.0,0.4666
1600,902.0,740.0,0.4926
1601,900.0,740.0,0.3648
1602,900.0,738.0,0.4434
1603,896.0,738.0,0.4164
1604,896.0,736.0,0.29
1605,892.0,736.0,0.3872
1606,892.0,734.0,0.357
1607,890.0,734.0,0.3526
1608,888.0,732.0,0.3466
1609,886.0,732.0,0.4822
1610,886.0,732.0,0.3996
1611,884.0,732.0,0.4688
1612,884.0,732.0,0.4396
1613,882.0,730.0,0.4642
1614,880.0,730.0,0.4316
1615,878.0,728.0,0.4745
1616,876.0,728.0,0.4152
1617,874.0,728.0,0.4328
1618,870.0,728.0,0.4413
1619,870.0,726.0,0.4866
1620,868.0,726.0,0.482
1621,866.0,724.0,0.517
1622,866.0,724.0,0.493
1623,864.0,724.0,0.496
1624,864.0,722.0,0.4319
1625,860.0,722.0,0.2404
1625,864.0,722.0,0.2757
1626,860.0,720.0,0.2593
1626,864.0,720.0,0.2345
1627,856.0,720.0,0.301
1628,856.0,720.0,0.199
1629,854.0,718.0,0.2326
1630,852.0,718.0,0.3284
1631,852.0,716.0,0.2591
1632,850.0,716.0,0.1971
1633,848.0,716.0,0.1971
1634,846.0,714.0,0.1716
1635,842.0,712.0,0.2515
1636,840.0,712.0,0.3382
1637,840.0,712.0,0.3339
1638,838.0,712.0,0.3932
1639,836.0,710.0,0.4263
1640,834.0,710.0,0.4125
1641,834.0,710.0,0.3926
1642,832.0,708.0,0.3244
1643,830.0,708.0,0.3767
1644,828.0,708.0,0.2252
1645,826.0,706.0,0.2226
1646,824.0,706.0,0.3163
1647,822.0,702.0,0.2576
1648,822.0,702.0,0.3292
1649,820.0,702.0,0.3801
1650,820.0,702.0,0.3802
1651,816.0,700.0,0.3932
1652,814.0,700.0,0.2742
1653,812.0,698.0,0.2008
1654,810.0,698.0,0.3134
1655,810.0,698.0,0.4299
1656,808.0,698.0,0.4235
1657,806.0,698.0,0.4273
1658,804.0,696.0,0.439
1659,804.0,696.0,0.4493
1660,800.0,694.0,0.4136
1661,798.0,694.0,0.415
1662,796.0,692.0,0.4133
1663,796.0,692.0,0.4371
1664,792.0,692.0,0.3385
1665,788.0,690.0,0.4432
1666,788.0,690.0,0.3576
1667,788.0,688.0,0.193
1668,784.0,686.0,0.1477
1669,782.0,686.0,0.1466
1670,780.0,684.0,0.2645
1671,778.0,684.0,0.2625
1672,776.0,684.0,0.2269
1673,776.0,684.0,0.2531
1674,774.0,684.0,0.3771
1675,772.0,682.0,0.381
1676,772.0,680.0,0.3376
1677,770.0,680.0,0.418
1678,766.0,680.0,0.3762
1679,764.0,678.0,0.4096
1680,762.0,678.0,0.4361
1681,760.0,678.0,0.3957
1682,758.0,676.0,0.4176
1683,756.0,676.0,0.4122
1684,756.0,676.0,0.4515
1685,754.0,676.0,0.3515
1686,752.0,674.0,0.2307
1687,750.0,672.0,0.2542
1688,748.0,672.0,0.3793
1689,744.0,670.0,0.3038
1690,744.0,670.0,0.3071
1691,744.0,670.0,0.4
1692,744.0,668.0,0.3835
1693,740.0,668.0,0.4373
1694,738.0,668.0,0.3784
1695,738.0,666.0,0.2478
1696,734.0,666.0,0.3402
1697,732.0,666.0,0.3838
1698,730.0,666.0,0.4333
1699,728.0,664.0,0.3983
1700,728.0,664.0,0.4223
1701,726.0,664.0,0.4686
1702,724.0,662.0,0.4394
1703,722.0,662.0,0.3954
1704,718.0,660.0,0.3339
1705,716.0,660.0,0.2556
1706,714.0,660.0,0.203
1707,712.0,658.0,0.1841
1708,712.0,658.0,0.1892
1709,710.0,658.0,0.1643
1710,710.0,658.0,0.2106
1711,708.0,658.0,0.1788
1712,702.0,656.0,0.179
1712,706.0,656.0,0.1549
1713,702.0,654.0,0.1895
1714,702.0,652.0,0.3871
1715,700.0,652.0,0.3985
1716,698.0,652.0,0.3334
1717,696.0,652.0,0.375
1718,696.0,652.0,0.2989
1719,694.0,652.0,0.3562
1720,692.0,650.0,0.3361
1721,688.0,650.0,0.2916
1722,686.0,648.0,0.3199
1723,684.0,648.0,0.3893
1724,682.0,648.0,0.359
1725,680.0,646.0,0.4681
1726,680.0,646.0,0.4397
1727,678.0,646.0,0.4684
1728,676.0,644.0,0.4658
1729,674.0,644.0,0.4361
1730,672.0,642.0,0.3202
1731,670.0,642.0,0.3925
1732,668.0,640.0,0.4257
1733,666.0,640.0,0.4483
1734,664.0,638.0,0.4065
1735,662.0,638.0,0.3931
1736,662.0,638.0,0.3317
1737,660.0,636.0,0.3308
1738,658.0,636.0,0.3101
1739,656.0,634.0,0.3721
1740,654.0,634.0,0.3876
1741,650.0,634.0,0.4605
1742,650.0,634.0,0.4685
1743,648.0,634.0,0.3908
1744,646.0,632.0,0.3979
1745,644.0,632.0,0.4735
1746,644.0,630.0,0.4708
1747,640.0,630.0,0.4391
1748,638.0,630.0,0.426
1749,636.0,626.0,0.429
1750,634.0,626.0,0.4878
1751,632.0,626.0,0.4454
1752,632.0,626.0,0.4472
1753,630.0,624.0,0.4919
1754,630.0,624.0,0.5013
1755,628.0,622.0,0.4922
1756,624.0,620.0,0.4327
1757,624.0,620.0,0.4996
1758,622.0,620.0,0.4905
1759,620.0,620.0,0.4863
1760,618.0,618.0,0.4319
1761,616.0,618.0,0.4898
1762,614.0,616.0,0.5005
1763,614.0,616.0,0.4613
1764,612.0,614.0,0.4787
1765,608.0,614.0,0.4757
1766,606.0,612.0,0.4737
1767,606.0,612.0,0.4495
1768,604.0,610.0,0.4063
1769,602.0,610.0,0.441
1770,602.0,608.0,0.4431
1771,600.0,608.0,0.4923
1772,598.0,608.0,0.4864
1773,596.0,606.0,0.4726
1774,596.0,604.0,0.4437
1775,594.0,604.0,0.4305
1776,592.0,604.0,0.4597
1777,590.0,602.0,0.4712
1778,588.0,602.0,0.45
1779,586.0,600.0,0.4337
1780,584.0,598.0,0.4456
1781,584.0,598.0,0.4139
1782,582.0,596.0,0.3984
1783,580.0,594.0,0.3928
1784,578.0,594.0,0.3716
1785,576.0,594.0,0.2379
1786,572.0,592.0,0.3092
1787,570.0,592.0,0.2331
1788,570.0,590.0,0.2398
1789,568.0,590.0,0.282
1790,566.0,588.0,0.3748
1791,564.0,588.0,0.3813
1792,562.0,588.0,0.4592
1793,560.0,586.0,0.3991
1794,560.0,584.0,0.4131
1795,556.0,584.0,0.4404
1796,554.0,586.0,0.4114
1797,552.0,584.0,0.3797
1798,550.0,582.0,0.4357
1799,550.0,580.0,0.4408
1800,548.0,580.0,0.4599
1801,546.0,580.0,0.4414
1802,544.0,578.0,0.3018
1803,540.0,578.0,0.2548
1804,540.0,576.0,0.4037
1805,538.0,574.0,0.4893
1806,536.0,574.0,0.4637
1807,534.0,574.0,0.467
1808,534.0,572.0,0.4502
1809,532.0,572.0,0.4299
1810,528.0,572.0,0.4364
1811,526.0,570.0,0.4468
1812,524.0,570.0,0.4699
1813,522.0,568.0,0.4926
1814,520.0,568.0,0.4665
1815,520.0,566.0,0.4723
1816,516.0,566.0,0.4864
1817,516.0,564.0,0.4871
1818,514.0,564.0,0.4647
1819,512.0,564.0,0.4035
1820,508.0,564.0,0.2872
1821,506.0,562.0,0.4259
1822,504.0,560.0,0.4407
1823,502.0,558.0,0.4571
1824,500.0,558.0,0.4483
1825,498.0,558.0,0.3761
1826,494.0,556.0,0.4234
1827,494.0,556.0,0.4622
1828,492.0,556.0,0.4345
1829,490.0,554.0,0.4626
1830,488.0,554.0,0.4537
1831,486.0,552.0,0.4873
1832,484.0,552.0,0.4578
1833,484.0,550.0,0.4705
1834,482.0,550.0,0.4484
1835,478.0,550.0,0.4398
1836,476.0,550.0,0.4309
1837,474.0,550.0,0.4271
1838,472.0,548.0,0.4737
1839,470.0,546.0,0.5141
1840,468.0,546.0,0.5081
1841,466.0,546.0,0.4373
1842,464.0,544.0,0.3725
1843,462.0,544.0,0.4366
1844,460.0,542.0,0.4696
1845,458.0,542.0,0.4806
1846,456.0,540.0,0.4748
1847,456.0,540.0,0.4737
1848,454.0,538.0,0.4764
1849,450.0,538.0,0.4078
1850,448.0,538.0,0.4198
1851,446.0,536.0,0.4444
1852,444.0,534.0,0.4497
1853,442.0,534.0,0.436
1854,440.0,534.0,0.4794
1855,438.0,534.0,0.4782
1856,436.0,532.0,0.4807
1857,434.0,532.0,0.4558
1858,432.0,532.0,0.4072
1859,430.0,530.0,0.3898
1860,428.0,530.0,0.4521
1861,426.0,528.0,0.4649
1862,424.0,526.0,0.498
1863,422.0,526.0,0.5124
1864,420.0,526.0,0.4657
1865,420.0,524.0,0.4131
1866,416.0,524.0,0.3471
1867,414.0,522.0,0.4421
1868,412.0,522.0,0.4726
1869,410.0,522.0,0.4745
1870,408.0,520.0,0.4584
1871,406.0,520.0,0.4801
1872,404.0,520.0,0.4851
1873,402.0,518.0,0.485
1874,400.0,518.0,0.4449
1875,398.0,518.0,0.4484
1876,396.0,518.0,0.4528
1877,394.0,516.0,0.4631
1878,392.0,514.0,0.4876
1879,390.0,512.0,0.4945
1880,390.0,512.0,0.5141
1881,388.0,512.0,0.4888
1882,384.0,512.0,0.3819
1883,382.0,512.0,0.4159
1884,380.0,512.0,0.3615
1885,378.0,508.0,0.2977
1885,378.0,512.0,0.3003
1886,376.0,508.0,0.2931
1886,376.0,512.0,0.266
1887,374.0,506.0,0.3116
1888,372.0,506.0,0.3301
1889,370.0,506.0,0.2313
1890,368.0,506.0,0.2776
1891,368.0,502.0,0.3448
1892,364.0,504.0,0.2948
1893,360.0,504.0,0.2417
1894,360.0,502.0,0.2432
1895,358.0,500.0,0.2976
1896,356.0,498.0,0.2952
1897,356.0,498.0,0.2724
1898,350.0,498.0,0.2767
1899,350.0,496.0,0.3552
1900,346.0,496.0,0.4538
1901,346.0,494.0,0.4636
1902,344.0,494.0,0.4887
1903,342.0,494.0,0.4658
1904,340.0,492.0,0.4516
1905,338.0,492.0,0.4342
1906,336.0,492.0,0.4457
1907,334.0,490.0,0.4614
1908,332.0,490.0,0.4867
1909,330.0,490.0,0.461
1910,328.0,488.0,0.4663
1911,326.0,486.0,0.467
1912,324.0,486.0,0.5222
1913,322.0,486.0,0.4955
1914,318.0,486.0,0.4516
1915,316.0,484.0,0.4165
1916,314.0,482.0,0.4462
1917,312.0,482.0,0.4748
1918,312.0,480.0,0.4975
1919,310.0,480.0,0.4805
1920,308.0,480.0,0.4486
1921,306.0,478.0,0.4227
1922,302.0,478.0,0.4483
1923,300.0,476.0,0.4487
1924,300.0,476.0,0.4698
1925,296.0,476.0,0.4464
1926,296.0,474.0,0.4579
1927,294.0,474.0,0.4429
1928,292.0,472.0,0.4825
1929,288.0,472.0,0.4477
1930,286.0,470.0,0.4623
1931,284.0,470.0,0.4287
1932,282.0,470.0,0.4366
1933,280.0,468.0,0.4421
1934,278.0,468.0,0.4457
1935,278.0,466.0,0.5012
1936,276.0,466.0,0.4702
1937,274.0,464.0,0.4098
1938,270.0,464.0,0.4409
1939,268.0,464.0,0.4786
1940,268.0,462.0,0.459
1941,266.0,462.0,0.4259
1942,264.0,460.0,0.3776
1943,262.0,460.0,0.3472
1944,260.0,460.0,0.3526
1945,258.0,458.0,0.4133
1946,256.0,456.0,0.4383
1947,252.0,456.0,0.4859
1948,250.0,456.0,0.4841
1949,248.0,454.0,0.4803
1950,246.0,452.0,0.4738
1951,244.0,452.0,0.4945
1952,244.0,452.0,0.4778
1953,242.0,450.0,0.4459
1954,240.0,450.0,0.4089
1955,236.0,450.0,0.496
1956,234.0,448.0,0.4875
1957,232.0,448.0,0.4401
1958,230.0,448.0,0.345
1959,228.0,446.0,0.3595
1959,986.0,882.0,0.2112
1960,226.0,444.0,0.3361
1961,224.0,444.0,0.3953
1962,222.0,442.0,0.4647
1963,220.0,442.0,0.49
1964,218.0,440.0,0.4684
1965,216.0,440.0,0.4639
1966,214.0,440.0,0.4557
1967,212.0,438.0,0.4875
1968,210.0,438.0,0.4979
1969,208.0,438.0,0.422
1970,206.0,438.0,0.4172
1971,204.0,436.0,0.3927
1972,202.0,434.0,0.4676
1973,200.0,434.0,0.4737
1974,200.0,434.0,0.4831
1975,198.0,432.0,0.4024
1976,196.0,430.0,0.4113
1977,194.0,430.0,0.4344
1978,192.0,430.0,0.4424
1979,188.0,428.0,0.4264
1980,186.0,428.0,0.4631
1981,184.0,426.0,0.4715
1982,182.0,426.0,0.4084
1983,180.0,424.0,0.4413
1984,178.0,424.0,0.4721
1985,176.0,424.0,0.4249
1986,176.0,424.0,0.4248
1987,172.0,422.0,0.417
1988,170.0,422.0,0.4588
1989,168.0,420.0,0.4355
1990,166.0,418.0,0.4822
1991,166.0,418.0,0.4697
1992,164.0,418.0,0.3574
1993,162.0,416.0,0.3549
1994,160.0,416.0,0.3212
1995,158.0,414.0,0.3546
1996,156.0,414.0,0.3799
1997,152.0,414.0,0.4301
1998,150.0,412.0,0.3866
1999,148.0,412.0,0.3243
2000,148.0,412.0,0.4122
2001,146.0,410.0,0.4035
2002,144.0,408.0,0.4608
2003,142.0,408.0,0.4452
2004,138.0,406.0,0.4719
2005,136.0,406.0,0.435
2006,134.0,404.0,0.4449
2007,132.0,404.0,0.4529
2008,132.0,404.0,0.3852
2009,128.0,402.0,0.4163
2010,128.0,402.0,0.4094
2011,124.0,402.0,0.3752
2012,120.0,400.0,0.3546
2013,120.0,398.0,0.3463
2014,118.0,398.0,0.3305
2015,116.0,396.0,0.3355
2016,114.0,396.0,0.3886
2017,112.0,394.0,0.4077
2018,110.0,394.0,0.3705
2019,106.0,392.0,0.431
2020,104.0,392.0,0.4586
2021,102.0,392.0,0.4244
2022,100.0,390.0,0.3922
2023,98.0,390.0,0.448
2024,98.0,390.0,0.399
2025,96.0,388.0,0.4592
2026,94.0,388.0,0.3926
2027,90.0,388.0,0.3919
2028,88.0,386.0,0.4201
2029,88.0,384.0,0.3958
2030,84.0,384.0,0.3151
2031,84.0,382.0,0.3097
2032,82.0,382.0,0.3846
2033,80.0,380.0,0.4399
2034,76.0,380.0,0.4478
2035,74.0,380.0,0.4545
2036,72.0,378.0,0.4764
2037,70.0,378.0,0.4478
2038,70.0,378.0,0.3941
2039,68.0,376.0,0.4475
2040,64.0,376.0,0.4398
2041,64.0,376.0,0.4229
2042,60.0,376.0,0.4259
2043,58.0,374.0,0.4314
2044,56.0,374.0,0.3813
2045,54.0,372.0,0.3802
2046,50.0,372.0,0.3293
2047,50.0,370.0,0.2769
2048,48.0,370.0,0.2922
2049,46.0,368.0,0.2478
2050,44.0,368.0,0.2739
2051,42.0,366.0,0.3315
2052,42.0,366.0,0.3971
2053,38.0,364.0,0.4091
2054,36.0,364.0,0.3549
2055,34.0,362.0,0.3248
2056,32.0,362.0,0.3217
2057,32.0,360.0,0.3468
2058,30.0,360.0,0.3717
2059,28.0,360.0,0.3198
2060,26.0,358.0,0.417
